./java/org/assertj/core/api/AbstractArrayAssert.java,94
./java/org/assertj/core/api/AbstractAssert.java,479
./java/org/assertj/core/api/AbstractAtomicFieldUpdaterAssert.java,128
./java/org/assertj/core/api/AbstractAtomicReferenceAssert.java,108
./java/org/assertj/core/api/AbstractBDDSoftAssertions.java,177
./java/org/assertj/core/api/AbstractBigDecimalAssert.java,271
./java/org/assertj/core/api/AbstractBigIntegerAssert.java,216
./java/org/assertj/core/api/AbstractBooleanArrayAssert.java,248
./java/org/assertj/core/api/AbstractBooleanAssert.java,172
./java/org/assertj/core/api/AbstractByteArrayAssert.java,243
./java/org/assertj/core/api/AbstractByteAssert.java,239
./java/org/assertj/core/api/AbstractCharacterAssert.java,214
./java/org/assertj/core/api/AbstractCharArrayAssert.java,260
./java/org/assertj/core/api/AbstractCharSequenceAssert.java,539
./java/org/assertj/core/api/AbstractClassAssert.java,263
./java/org/assertj/core/api/AbstractComparableAssert.java,156
./java/org/assertj/core/api/AbstractCompletableFutureAssert.java,223
./java/org/assertj/core/api/AbstractDateAssert.java,643
./java/org/assertj/core/api/AbstractDoubleArrayAssert.java,278
./java/org/assertj/core/api/AbstractDoubleAssert.java,277
./java/org/assertj/core/api/AbstractEnumerableAssert.java,162
./java/org/assertj/core/api/AbstractFileAssert.java,329
./java/org/assertj/core/api/AbstractFloatArrayAssert.java,290
./java/org/assertj/core/api/AbstractFloatAssert.java,290
./java/org/assertj/core/api/AbstractFutureAssert.java,138
./java/org/assertj/core/api/AbstractInputStreamAssert.java,161
./java/org/assertj/core/api/AbstractInstantAssert.java,261
./java/org/assertj/core/api/AbstractIntArrayAssert.java,239
./java/org/assertj/core/api/AbstractIntegerAssert.java,239
./java/org/assertj/core/api/AbstractIterableAssert.java,1017
./java/org/assertj/core/api/AbstractIterableSizeAssert.java,89
./java/org/assertj/core/api/AbstractListAssert.java,280
./java/org/assertj/core/api/AbstractLocalDateAssert.java,264
./java/org/assertj/core/api/AbstractLocalDateTimeAssert.java,328
./java/org/assertj/core/api/AbstractLocalTimeAssert.java,302
./java/org/assertj/core/api/AbstractLongArrayAssert.java,245
./java/org/assertj/core/api/AbstractLongAssert.java,240
./java/org/assertj/core/api/AbstractMapAssert.java,450
./java/org/assertj/core/api/AbstractMapSizeAssert.java,89
./java/org/assertj/core/api/AbstractObjectArrayAssert.java,949
./java/org/assertj/core/api/AbstractObjectAssert.java,465
./java/org/assertj/core/api/AbstractOffsetDateTimeAssert.java,338
./java/org/assertj/core/api/AbstractOffsetTimeAssert.java,320
./java/org/assertj/core/api/AbstractOptionalAssert.java,330
./java/org/assertj/core/api/AbstractOptionalDoubleAssert.java,178
./java/org/assertj/core/api/AbstractOptionalIntAssert.java,149
./java/org/assertj/core/api/AbstractOptionalLongAssert.java,145
./java/org/assertj/core/api/AbstractPathAssert.java,537
./java/org/assertj/core/api/AbstractPredicateAssert.java,168
./java/org/assertj/core/api/AbstractPredicateLikeAssert.java,126
./java/org/assertj/core/api/AbstractShortArrayAssert.java,240
./java/org/assertj/core/api/AbstractShortAssert.java,235
./java/org/assertj/core/api/AbstractSoftAssertions.java,224
./java/org/assertj/core/api/AbstractStandardSoftAssertions.java,177
./java/org/assertj/core/api/AbstractTemporalAssert.java,204
./java/org/assertj/core/api/AbstractThrowableAssert.java,279
./java/org/assertj/core/api/AbstractUriAssert.java,210
./java/org/assertj/core/api/AbstractUrlAssert.java,212
./java/org/assertj/core/api/AbstractZonedDateTimeAssert.java,339
./java/org/assertj/core/api/ArraySortedAssert.java,205
./java/org/assertj/core/api/Assert.java,443
./java/org/assertj/core/api/AssertDelegateTarget.java,129
./java/org/assertj/core/api/AssertFactory.java,118
./java/org/assertj/core/api/AssertionInfo.java,95
./java/org/assertj/core/api/Assertions.java,1021
./java/org/assertj/core/api/AssertionsForClassTypes.java,746
./java/org/assertj/core/api/AssertionsForInterfaceTypes.java,333
./java/org/assertj/core/api/AssertProvider.java,116
./java/org/assertj/core/api/Assumptions.java,413
./java/org/assertj/core/api/AtomicBooleanAssert.java,140
./java/org/assertj/core/api/AtomicIntegerArrayAssert.java,285
./java/org/assertj/core/api/AtomicIntegerAssert.java,212
./java/org/assertj/core/api/AtomicIntegerFieldUpdaterAssert.java,139
./java/org/assertj/core/api/AtomicLongArrayAssert.java,292
./java/org/assertj/core/api/AtomicLongAssert.java,209
./java/org/assertj/core/api/AtomicLongFieldUpdaterAssert.java,139
./java/org/assertj/core/api/AtomicMarkableReferenceAssert.java,138
./java/org/assertj/core/api/AtomicReferenceArrayAssert.java,917
./java/org/assertj/core/api/AtomicReferenceAssert.java,129
./java/org/assertj/core/api/AtomicReferenceFieldUpdaterAssert.java,141
./java/org/assertj/core/api/AtomicStampedReferenceAssert.java,141
./java/org/assertj/core/api/AutoCloseableBDDSoftAssertions.java,290
./java/org/assertj/core/api/AutoCloseableSoftAssertions.java,289
./java/org/assertj/core/api/BDDAssertions.java,519
./java/org/assertj/core/api/BDDSoftAssertions.java,300
./java/org/assertj/core/api/BigDecimalAssert.java,104
./java/org/assertj/core/api/BigIntegerAssert.java,94
./java/org/assertj/core/api/BooleanArrayAssert.java,99
./java/org/assertj/core/api/BooleanAssert.java,106
./java/org/assertj/core/api/ByteArrayAssert.java,99
./java/org/assertj/core/api/ByteAssert.java,100
./java/org/assertj/core/api/CharacterAssert.java,101
./java/org/assertj/core/api/CharArrayAssert.java,99
./java/org/assertj/core/api/CharSequenceAssert.java,91
./java/org/assertj/core/api/ClassAssert.java,122
./java/org/assertj/core/api/ClassBasedNavigableIterableAssert.java,136
./java/org/assertj/core/api/ClassBasedNavigableListAssert.java,137
./java/org/assertj/core/api/ComparableAssert.java,180
./java/org/assertj/core/api/ComparatorFactory.java,101
./java/org/assertj/core/api/CompletableFutureAssert.java,89
./java/org/assertj/core/api/Condition.java,186
./java/org/assertj/core/api/DateAssert.java,151
./java/org/assertj/core/api/Descriptable.java,186
./java/org/assertj/core/api/DoubleArrayAssert.java,99
./java/org/assertj/core/api/DoubleAssert.java,102
./java/org/assertj/core/api/DoublePredicateAssert.java,147
./java/org/assertj/core/api/EnumerableAssert.java,254
./java/org/assertj/core/api/ErrorCollector.java,191
./java/org/assertj/core/api/exception/PathsException.java,86
./java/org/assertj/core/api/exception/RuntimeIOException.java,100
./java/org/assertj/core/api/ExtensionPoints.java,128
./java/org/assertj/core/api/FactoryBasedNavigableIterableAssert.java,114
./java/org/assertj/core/api/FactoryBasedNavigableListAssert.java,116
./java/org/assertj/core/api/Fail.java,160
./java/org/assertj/core/api/FileAssert.java,102
./java/org/assertj/core/api/filter/FilterOperator.java,103
./java/org/assertj/core/api/filter/Filters.java,278
./java/org/assertj/core/api/filter/InFilter.java,87
./java/org/assertj/core/api/filter/NotFilter.java,94
./java/org/assertj/core/api/filter/NotInFilter.java,91
./java/org/assertj/core/api/FloatArrayAssert.java,99
./java/org/assertj/core/api/FloatAssert.java,98
./java/org/assertj/core/api/FloatingPointNumberAssert.java,173
./java/org/assertj/core/api/FutureAssert.java,99
./java/org/assertj/core/api/GenericComparableAssert.java,92
./java/org/assertj/core/api/HamcrestCondition.java,121
./java/org/assertj/core/api/IndexedObjectEnumerableAssert.java,163
./java/org/assertj/core/api/InputStreamAssert.java,96
./java/org/assertj/core/api/InstantAssert.java,99
./java/org/assertj/core/api/IntArrayAssert.java,107
./java/org/assertj/core/api/IntegerAssert.java,111
./java/org/assertj/core/api/IntPredicateAssert.java,143
./java/org/assertj/core/api/iterable/Extractor.java,98
./java/org/assertj/core/api/iterable/ThrowingExtractor.java,115
./java/org/assertj/core/api/IterableAssert.java,220
./java/org/assertj/core/api/IterableSizeAssert.java,92
./java/org/assertj/core/api/Java6AbstractBDDSoftAssertions.java,316
./java/org/assertj/core/api/Java6AbstractStandardSoftAssertions.java,314
./java/org/assertj/core/api/Java6Assertions.java,828
./java/org/assertj/core/api/Java6BDDAssertions.java,425
./java/org/assertj/core/api/Java6BDDSoftAssertions.java,118
./java/org/assertj/core/api/Java6JUnitBDDSoftAssertions.java,111
./java/org/assertj/core/api/Java6JUnitSoftAssertions.java,107
./java/org/assertj/core/api/Java6SoftAssertions.java,116
./java/org/assertj/core/api/JUnitBDDSoftAssertions.java,147
./java/org/assertj/core/api/JUnitSoftAssertions.java,142
./java/org/assertj/core/api/ListAssert.java,224
./java/org/assertj/core/api/LocalDateAssert.java,88
./java/org/assertj/core/api/LocalDateTimeAssert.java,88
./java/org/assertj/core/api/LocalTimeAssert.java,88
./java/org/assertj/core/api/LongArrayAssert.java,107
./java/org/assertj/core/api/LongAssert.java,110
./java/org/assertj/core/api/LongPredicateAssert.java,142
./java/org/assertj/core/api/MapAssert.java,141
./java/org/assertj/core/api/MapSizeAssert.java,91
./java/org/assertj/core/api/NumberAssert.java,201
./java/org/assertj/core/api/ObjectArrayAssert.java,112
./java/org/assertj/core/api/ObjectAssert.java,108
./java/org/assertj/core/api/ObjectAssertFactory.java,83
./java/org/assertj/core/api/ObjectEnumerableAssert.java,439
./java/org/assertj/core/api/OffsetDateTimeAssert.java,88
./java/org/assertj/core/api/OffsetTimeAssert.java,88
./java/org/assertj/core/api/OptionalAssert.java,90
./java/org/assertj/core/api/OptionalDoubleAssert.java,88
./java/org/assertj/core/api/OptionalIntAssert.java,88
./java/org/assertj/core/api/OptionalLongAssert.java,88
./java/org/assertj/core/api/PathAssert.java,86
./java/org/assertj/core/api/PredicateAssert.java,101
./java/org/assertj/core/api/ProxifyExtractingResult.java,169
./java/org/assertj/core/api/ShortArrayAssert.java,99
./java/org/assertj/core/api/ShortAssert.java,100
./java/org/assertj/core/api/SoftAssertionClassAssert.java,84
./java/org/assertj/core/api/SoftAssertionError.java,133
./java/org/assertj/core/api/SoftAssertionIterableAssert.java,109
./java/org/assertj/core/api/SoftAssertionListAssert.java,105
./java/org/assertj/core/api/SoftAssertionMapAssert.java,90
./java/org/assertj/core/api/SoftAssertionPredicateAssert.java,95
./java/org/assertj/core/api/SoftAssertions.java,308
./java/org/assertj/core/api/SoftProxies.java,141
./java/org/assertj/core/api/StringAssert.java,106
./java/org/assertj/core/api/ThrowableAssert.java,138
./java/org/assertj/core/api/ThrowableAssertAlternative.java,233
./java/org/assertj/core/api/ThrowableTypeAssert.java,149
./java/org/assertj/core/api/UriAssert.java,87
./java/org/assertj/core/api/UrlAssert.java,86
./java/org/assertj/core/api/WithAssertions.java,974
./java/org/assertj/core/api/WithAssumptions.java,352
./java/org/assertj/core/api/WritableAssertionInfo.java,164
./java/org/assertj/core/api/ZonedDateTimeAssert.java,101
./java/org/assertj/core/condition/AllOf.java,121
./java/org/assertj/core/condition/AnyOf.java,119
./java/org/assertj/core/condition/DoesNotHave.java,108
./java/org/assertj/core/condition/Join.java,125
./java/org/assertj/core/condition/Negative.java,92
./java/org/assertj/core/condition/Not.java,103
./java/org/assertj/core/configuration/ConfigurationProvider.java,108
./java/org/assertj/core/configuration/Services.java,109
./java/org/assertj/core/data/Index.java,119
./java/org/assertj/core/data/MapEntry.java,128
./java/org/assertj/core/data/Offset.java,134
./java/org/assertj/core/data/Percentage.java,130
./java/org/assertj/core/data/TemporalOffset.java,116
./java/org/assertj/core/data/TemporalUnitLessThanOffset.java,117
./java/org/assertj/core/data/TemporalUnitOffset.java,139
./java/org/assertj/core/data/TemporalUnitWithinOffset.java,117
./java/org/assertj/core/description/Description.java,95
./java/org/assertj/core/description/EmptyTextDescription.java,89
./java/org/assertj/core/description/TextDescription.java,122
./java/org/assertj/core/error/AbstractShouldHaveTextContent.java,154
./java/org/assertj/core/error/AssertionErrorFactory.java,94
./java/org/assertj/core/error/BasicErrorMessageFactory.java,178
./java/org/assertj/core/error/ClassModifierShouldBe.java,119
./java/org/assertj/core/error/ConditionAndGroupGenericParameterTypeShouldBeTheSame.java,114
./java/org/assertj/core/error/ConstructorInvoker.java,123
./java/org/assertj/core/error/DescriptionFormatter.java,116
./java/org/assertj/core/error/ElementsShouldBe.java,115
./java/org/assertj/core/error/ElementsShouldBeAtLeast.java,120
./java/org/assertj/core/error/ElementsShouldBeAtMost.java,121
./java/org/assertj/core/error/ElementsShouldBeExactly.java,119
./java/org/assertj/core/error/ElementsShouldHave.java,118
./java/org/assertj/core/error/ElementsShouldHaveAtLeast.java,121
./java/org/assertj/core/error/ElementsShouldHaveAtMost.java,122
./java/org/assertj/core/error/ElementsShouldHaveExactly.java,120
./java/org/assertj/core/error/ElementsShouldMatch.java,106
./java/org/assertj/core/error/ElementsShouldNotBe.java,116
./java/org/assertj/core/error/ElementsShouldNotHave.java,118
./java/org/assertj/core/error/ElementsShouldSatisfy.java,102
./java/org/assertj/core/error/ErrorMessageFactory.java,96
./java/org/assertj/core/error/future/ShouldBeCancelled.java,95
./java/org/assertj/core/error/future/ShouldBeCompleted.java,96
./java/org/assertj/core/error/future/ShouldBeCompletedExceptionally.java,98
./java/org/assertj/core/error/future/ShouldBeDone.java,95
./java/org/assertj/core/error/future/ShouldHaveFailed.java,101
./java/org/assertj/core/error/future/ShouldNotBeCancelled.java,95
./java/org/assertj/core/error/future/ShouldNotBeCompleted.java,96
./java/org/assertj/core/error/future/ShouldNotBeCompletedExceptionally.java,98
./java/org/assertj/core/error/future/ShouldNotBeDone.java,95
./java/org/assertj/core/error/future/ShouldNotHaveFailed.java,96
./java/org/assertj/core/error/MessageFormatter.java,141
./java/org/assertj/core/error/NoElementsShouldMatch.java,99
./java/org/assertj/core/error/OptionalDoubleShouldHaveValueCloseTo.java,139
./java/org/assertj/core/error/OptionalShouldBeEmpty.java,121
./java/org/assertj/core/error/OptionalShouldBePresent.java,116
./java/org/assertj/core/error/OptionalShouldContain.java,147
./java/org/assertj/core/error/OptionalShouldContainInstanceOf.java,125
./java/org/assertj/core/error/ShouldAccept.java,124
./java/org/assertj/core/error/ShouldBe.java,113
./java/org/assertj/core/error/ShouldBeAbsolutePath.java,113
./java/org/assertj/core/error/ShouldBeAfter.java,123
./java/org/assertj/core/error/ShouldBeAfterOrEqualsTo.java,117
./java/org/assertj/core/error/ShouldBeAfterYear.java,115
./java/org/assertj/core/error/ShouldBeAnArray.java,105
./java/org/assertj/core/error/ShouldBeAnnotation.java,106
./java/org/assertj/core/error/ShouldBeAssignableFrom.java,113
./java/org/assertj/core/error/ShouldBeAtIndex.java,123
./java/org/assertj/core/error/ShouldBeBefore.java,114
./java/org/assertj/core/error/ShouldBeBeforeOrEqualsTo.java,114
./java/org/assertj/core/error/ShouldBeBeforeYear.java,115
./java/org/assertj/core/error/ShouldBeBetween.java,129
./java/org/assertj/core/error/ShouldBeBlank.java,100
./java/org/assertj/core/error/ShouldBeCanonicalPath.java,105
./java/org/assertj/core/error/ShouldBeCloseTo.java,166
./java/org/assertj/core/error/ShouldBeDirectory.java,111
./java/org/assertj/core/error/ShouldBeEmpty.java,108
./java/org/assertj/core/error/ShouldBeEqual.java,286
./java/org/assertj/core/error/ShouldBeEqualByComparingFieldByFieldRecursively.java,132
./java/org/assertj/core/error/ShouldBeEqualByComparingOnlyGivenFields.java,140
./java/org/assertj/core/error/ShouldBeEqualIgnoringCase.java,110
./java/org/assertj/core/error/ShouldBeEqualIgnoringHours.java,116
./java/org/assertj/core/error/ShouldBeEqualIgnoringMinutes.java,123
./java/org/assertj/core/error/ShouldBeEqualIgnoringNanos.java,123
./java/org/assertj/core/error/ShouldBeEqualIgnoringNewLineDifferences.java,93
./java/org/assertj/core/error/ShouldBeEqualIgnoringSeconds.java,122
./java/org/assertj/core/error/ShouldBeEqualIgnoringTimezone.java,115
./java/org/assertj/core/error/ShouldBeEqualIgnoringWhitespace.java,109
./java/org/assertj/core/error/ShouldBeEqualNormalizingWhitespace.java,114
./java/org/assertj/core/error/ShouldBeEqualToIgnoringFields.java,147
./java/org/assertj/core/error/ShouldBeEqualWithinOffset.java,135
./java/org/assertj/core/error/ShouldBeEqualWithinPercentage.java,131
./java/org/assertj/core/error/ShouldBeEqualWithTimePrecision.java,140
./java/org/assertj/core/error/ShouldBeExactlyInstanceOf.java,116
./java/org/assertj/core/error/ShouldBeExecutable.java,109
./java/org/assertj/core/error/ShouldBeFile.java,104
./java/org/assertj/core/error/ShouldBeGreater.java,123
./java/org/assertj/core/error/ShouldBeGreaterOrEqual.java,124
./java/org/assertj/core/error/ShouldBeIn.java,118
./java/org/assertj/core/error/ShouldBeInSameDay.java,113
./java/org/assertj/core/error/ShouldBeInSameHour.java,116
./java/org/assertj/core/error/ShouldBeInSameHourWindow.java,122
./java/org/assertj/core/error/ShouldBeInSameMinute.java,117
./java/org/assertj/core/error/ShouldBeInSameMinuteWindow.java,121
./java/org/assertj/core/error/ShouldBeInSameMonth.java,112
./java/org/assertj/core/error/ShouldBeInSameSecond.java,118
./java/org/assertj/core/error/ShouldBeInSameSecondWindow.java,115
./java/org/assertj/core/error/ShouldBeInSameYear.java,111
./java/org/assertj/core/error/ShouldBeInstance.java,125
./java/org/assertj/core/error/ShouldBeInstanceOfAny.java,120
./java/org/assertj/core/error/ShouldBeInterface.java,105
./java/org/assertj/core/error/ShouldBeInTheFuture.java,113
./java/org/assertj/core/error/ShouldBeInThePast.java,113
./java/org/assertj/core/error/ShouldBeLess.java,123
./java/org/assertj/core/error/ShouldBeLessOrEqual.java,124
./java/org/assertj/core/error/ShouldBeLowerCase.java,100
./java/org/assertj/core/error/ShouldBeMarked.java,101
./java/org/assertj/core/error/ShouldBeNormalized.java,102
./java/org/assertj/core/error/ShouldBeNullOrEmpty.java,112
./java/org/assertj/core/error/ShouldBeOfClassIn.java,111
./java/org/assertj/core/error/ShouldBeReadable.java,109
./java/org/assertj/core/error/ShouldBeRegularFile.java,105
./java/org/assertj/core/error/ShouldBeRelativePath.java,109
./java/org/assertj/core/error/ShouldBeSame.java,105
./java/org/assertj/core/error/ShouldBeSorted.java,164
./java/org/assertj/core/error/ShouldBeSubsetOf.java,120
./java/org/assertj/core/error/ShouldBeSubstring.java,101
./java/org/assertj/core/error/ShouldBeSymbolicLink.java,106
./java/org/assertj/core/error/ShouldBeToday.java,121
./java/org/assertj/core/error/ShouldBeUpperCase.java,100
./java/org/assertj/core/error/ShouldBeWritable.java,109
./java/org/assertj/core/error/ShouldContain.java,131
./java/org/assertj/core/error/ShouldContainAnyOf.java,100
./java/org/assertj/core/error/ShouldContainAtIndex.java,132
./java/org/assertj/core/error/ShouldContainCharSequence.java,133
./java/org/assertj/core/error/ShouldContainCharSequenceOnlyOnce.java,130
./java/org/assertj/core/error/ShouldContainCharSequenceSequence.java,136
./java/org/assertj/core/error/ShouldContainEntry.java,114
./java/org/assertj/core/error/ShouldContainExactly.java,164
./java/org/assertj/core/error/ShouldContainExactlyInAnyOrder.java,143
./java/org/assertj/core/error/ShouldContainKey.java,105
./java/org/assertj/core/error/ShouldContainKeys.java,119
./java/org/assertj/core/error/ShouldContainNull.java,110
./java/org/assertj/core/error/ShouldContainOnly.java,148
./java/org/assertj/core/error/ShouldContainOnlyDigits.java,113
./java/org/assertj/core/error/ShouldContainOnlyKeys.java,130
./java/org/assertj/core/error/ShouldContainOnlyNulls.java,127
./java/org/assertj/core/error/ShouldContainPattern.java,105
./java/org/assertj/core/error/ShouldContainSequence.java,121
./java/org/assertj/core/error/ShouldContainsOnlyOnce.java,152
./java/org/assertj/core/error/ShouldContainSubsequence.java,119
./java/org/assertj/core/error/ShouldContainValue.java,109
./java/org/assertj/core/error/ShouldContainValues.java,117
./java/org/assertj/core/error/ShouldEndWith.java,122
./java/org/assertj/core/error/ShouldEndWithPath.java,100
./java/org/assertj/core/error/ShouldExist.java,122
./java/org/assertj/core/error/ShouldHave.java,113
./java/org/assertj/core/error/ShouldHaveAnnotations.java,115
./java/org/assertj/core/error/ShouldHaveAtIndex.java,123
./java/org/assertj/core/error/ShouldHaveAtLeastOneElementOfType.java,109
./java/org/assertj/core/error/ShouldHaveBinaryContent.java,119
./java/org/assertj/core/error/ShouldHaveCause.java,113
./java/org/assertj/core/error/ShouldHaveCauseExactlyInstance.java,117
./java/org/assertj/core/error/ShouldHaveCauseInstance.java,115
./java/org/assertj/core/error/ShouldHaveContent.java,125
./java/org/assertj/core/error/ShouldHaveDateField.java,115
./java/org/assertj/core/error/ShouldHaveExtension.java,105
./java/org/assertj/core/error/ShouldHaveFields.java,121
./java/org/assertj/core/error/ShouldHaveLineCount.java,144
./java/org/assertj/core/error/ShouldHaveMessage.java,106
./java/org/assertj/core/error/ShouldHaveMessageMatchingRegex.java,107
./java/org/assertj/core/error/ShouldHaveMethods.java,127
./java/org/assertj/core/error/ShouldHaveName.java,108
./java/org/assertj/core/error/ShouldHaveNoCause.java,105
./java/org/assertj/core/error/ShouldHaveNoFields.java,103
./java/org/assertj/core/error/ShouldHaveNoNullFields.java,130
./java/org/assertj/core/error/ShouldHaveNoParent.java,118
./java/org/assertj/core/error/ShouldHaveNoSuppressedExceptions.java,103
./java/org/assertj/core/error/ShouldHaveOnlyElementsOfType.java,113
./java/org/assertj/core/error/ShouldHaveParent.java,117
./java/org/assertj/core/error/ShouldHavePropertyOrField.java,109
./java/org/assertj/core/error/ShouldHavePropertyOrFieldWithValue.java,112
./java/org/assertj/core/error/ShouldHaveReference.java,96
./java/org/assertj/core/error/ShouldHaveRootCauseExactlyInstance.java,121
./java/org/assertj/core/error/ShouldHaveRootCauseInstance.java,119
./java/org/assertj/core/error/ShouldHaveSameClass.java,112
./java/org/assertj/core/error/ShouldHaveSameContent.java,129
./java/org/assertj/core/error/ShouldHaveSameHashCode.java,95
./java/org/assertj/core/error/ShouldHaveSameHourAs.java,117
./java/org/assertj/core/error/ShouldHaveSameSizeAs.java,130
./java/org/assertj/core/error/ShouldHaveSameTime.java,112
./java/org/assertj/core/error/ShouldHaveSize.java,129
./java/org/assertj/core/error/ShouldHaveStamp.java,101
./java/org/assertj/core/error/ShouldHaveSuppressedException.java,114
./java/org/assertj/core/error/ShouldHaveTime.java,117
./java/org/assertj/core/error/ShouldHaveToString.java,90
./java/org/assertj/core/error/ShouldHaveValue.java,101
./java/org/assertj/core/error/ShouldMatch.java,142
./java/org/assertj/core/error/ShouldMatchPattern.java,108
./java/org/assertj/core/error/ShouldNotAccept.java,124
./java/org/assertj/core/error/ShouldNotBe.java,114
./java/org/assertj/core/error/ShouldNotBeBetween.java,123
./java/org/assertj/core/error/ShouldNotBeBlank.java,100
./java/org/assertj/core/error/ShouldNotBeEmpty.java,104
./java/org/assertj/core/error/ShouldNotBeEqual.java,116
./java/org/assertj/core/error/ShouldNotBeEqualIgnoringCase.java,109
./java/org/assertj/core/error/ShouldNotBeEqualIgnoringWhitespace.java,109
./java/org/assertj/core/error/ShouldNotBeEqualNormalizingWhitespace.java,114
./java/org/assertj/core/error/ShouldNotBeEqualWithinOffset.java,132
./java/org/assertj/core/error/ShouldNotBeEqualWithinPercentage.java,132
./java/org/assertj/core/error/ShouldNotBeExactlyInstanceOf.java,114
./java/org/assertj/core/error/ShouldNotBeIn.java,118
./java/org/assertj/core/error/ShouldNotBeInstance.java,112
./java/org/assertj/core/error/ShouldNotBeInstanceOfAny.java,116
./java/org/assertj/core/error/ShouldNotBeNull.java,99
./java/org/assertj/core/error/ShouldNotBeOfClassIn.java,109
./java/org/assertj/core/error/ShouldNotBeSame.java,105
./java/org/assertj/core/error/ShouldNotContain.java,125
./java/org/assertj/core/error/ShouldNotContainAtIndex.java,130
./java/org/assertj/core/error/ShouldNotContainCharSequence.java,119
./java/org/assertj/core/error/ShouldNotContainKey.java,106
./java/org/assertj/core/error/ShouldNotContainKeys.java,117
./java/org/assertj/core/error/ShouldNotContainNull.java,109
./java/org/assertj/core/error/ShouldNotContainPattern.java,102
./java/org/assertj/core/error/ShouldNotContainSequence.java,125
./java/org/assertj/core/error/ShouldNotContainSubsequence.java,127
./java/org/assertj/core/error/ShouldNotContainValue.java,105
./java/org/assertj/core/error/ShouldNotEndWith.java,120
./java/org/assertj/core/error/ShouldNotExist.java,122
./java/org/assertj/core/error/ShouldNotHave.java,114
./java/org/assertj/core/error/ShouldNotHaveAnyElementsOfTypes.java,108
./java/org/assertj/core/error/ShouldNotHaveDuplicates.java,121
./java/org/assertj/core/error/ShouldNotHaveSameClass.java,110
./java/org/assertj/core/error/ShouldNotHaveThrown.java,92
./java/org/assertj/core/error/ShouldNotMatch.java,142
./java/org/assertj/core/error/ShouldNotMatchPattern.java,109
./java/org/assertj/core/error/ShouldNotStartWith.java,120
./java/org/assertj/core/error/ShouldOnlyHaveElementsOfTypes.java,141
./java/org/assertj/core/error/ShouldOnlyHaveFields.java,132
./java/org/assertj/core/error/ShouldStartWith.java,122
./java/org/assertj/core/error/ShouldStartWithPath.java,100
./java/org/assertj/core/error/uri/ShouldHaveAnchor.java,105
./java/org/assertj/core/error/uri/ShouldHaveAuthority.java,99
./java/org/assertj/core/error/uri/ShouldHaveFragment.java,101
./java/org/assertj/core/error/uri/ShouldHaveHost.java,99
./java/org/assertj/core/error/uri/ShouldHaveParameter.java,147
./java/org/assertj/core/error/uri/ShouldHavePath.java,108
./java/org/assertj/core/error/uri/ShouldHavePort.java,107
./java/org/assertj/core/error/uri/ShouldHaveProtocol.java,97
./java/org/assertj/core/error/uri/ShouldHaveQuery.java,105
./java/org/assertj/core/error/uri/ShouldHaveScheme.java,96
./java/org/assertj/core/error/uri/ShouldHaveUserInfo.java,106
./java/org/assertj/core/extractor/ByNameMultipleExtractor.java,116
./java/org/assertj/core/extractor/ByNameSingleExtractor.java,111
./java/org/assertj/core/extractor/Extractors.java,144
./java/org/assertj/core/extractor/ResultOfExtractor.java,101
./java/org/assertj/core/extractor/ToStringExtractor.java,88
./java/org/assertj/core/groups/FieldsOrPropertiesExtractor.java,146
./java/org/assertj/core/groups/Properties.java,165
./java/org/assertj/core/groups/Tuple.java,118
./java/org/assertj/core/internal/AbstractComparisonStrategy.java,131
./java/org/assertj/core/internal/Arrays.java,418
./java/org/assertj/core/internal/AtomicReferenceArrayElementComparisonStrategy.java,124
./java/org/assertj/core/internal/BigDecimals.java,116
./java/org/assertj/core/internal/BigIntegers.java,110
./java/org/assertj/core/internal/BinaryDiff.java,137
./java/org/assertj/core/internal/BinaryDiffResult.java,113
./java/org/assertj/core/internal/BooleanArrays.java,207
./java/org/assertj/core/internal/Booleans.java,134
./java/org/assertj/core/internal/ByteArrays.java,212
./java/org/assertj/core/internal/Bytes.java,119
./java/org/assertj/core/internal/Characters.java,129
./java/org/assertj/core/internal/CharArrays.java,211
./java/org/assertj/core/internal/Classes.java,302
./java/org/assertj/core/internal/CommonErrors.java,104
./java/org/assertj/core/internal/CommonValidations.java,179
./java/org/assertj/core/internal/Comparables.java,220
./java/org/assertj/core/internal/ComparatorBasedComparisonStrategy.java,219
./java/org/assertj/core/internal/ComparisonStrategy.java,180
./java/org/assertj/core/internal/Conditions.java,140
./java/org/assertj/core/internal/Dates.java,343
./java/org/assertj/core/internal/DeepDifference.java,486
./java/org/assertj/core/internal/Diff.java,140
./java/org/assertj/core/internal/DoubleArrays.java,208
./java/org/assertj/core/internal/Doubles.java,116
./java/org/assertj/core/internal/ErrorMessages.java,155
./java/org/assertj/core/internal/ExtendedByTypesComparator.java,125
./java/org/assertj/core/internal/Failures.java,269
./java/org/assertj/core/internal/FieldByFieldComparator.java,131
./java/org/assertj/core/internal/Files.java,275
./java/org/assertj/core/internal/FloatArrays.java,209
./java/org/assertj/core/internal/Floats.java,118
./java/org/assertj/core/internal/Futures.java,125
./java/org/assertj/core/internal/IgnoringFieldsComparator.java,116
./java/org/assertj/core/internal/InputStreams.java,151
./java/org/assertj/core/internal/InputStreamsException.java,97
./java/org/assertj/core/internal/IntArrays.java,211
./java/org/assertj/core/internal/Integers.java,114
./java/org/assertj/core/internal/IterableDiff.java,102
./java/org/assertj/core/internal/IterableElementComparisonStrategy.java,122
./java/org/assertj/core/internal/Iterables.java,459
./java/org/assertj/core/internal/Lists.java,283
./java/org/assertj/core/internal/LongArrays.java,211
./java/org/assertj/core/internal/Longs.java,113
./java/org/assertj/core/internal/Maps.java,303
./java/org/assertj/core/internal/NioFilesWrapper.java,103
./java/org/assertj/core/internal/Numbers.java,201
./java/org/assertj/core/internal/ObjectArrayElementComparisonStrategy.java,119
./java/org/assertj/core/internal/ObjectArrays.java,300
./java/org/assertj/core/internal/Objects.java,427
./java/org/assertj/core/internal/OnFieldsComparator.java,135
./java/org/assertj/core/internal/Paths.java,230
./java/org/assertj/core/internal/Predicates.java,103
./java/org/assertj/core/internal/RealNumbers.java,142
./java/org/assertj/core/internal/RecursiveFieldByFieldComparator.java,128
./java/org/assertj/core/internal/ShortArrays.java,209
./java/org/assertj/core/internal/Shorts.java,114
./java/org/assertj/core/internal/StandardComparisonStrategy.java,205
./java/org/assertj/core/internal/Strings.java,463
./java/org/assertj/core/internal/Throwables.java,207
./java/org/assertj/core/internal/TypeComparators.java,157
./java/org/assertj/core/internal/Uris.java,180
./java/org/assertj/core/internal/Urls.java,155
./java/org/assertj/core/matcher/AssertionMatcher.java,166
./java/org/assertj/core/presentation/BinaryRepresentation.java,145
./java/org/assertj/core/presentation/HexadecimalRepresentation.java,145
./java/org/assertj/core/presentation/NumberGrouping.java,111
./java/org/assertj/core/presentation/PredicateDescription.java,123
./java/org/assertj/core/presentation/Representation.java,203
./java/org/assertj/core/presentation/StandardRepresentation.java,393
./java/org/assertj/core/presentation/UnicodeRepresentation.java,123
./java/org/assertj/core/util/AbstractComparableNumberComparator.java,85
./java/org/assertj/core/util/Arrays.java,176
./java/org/assertj/core/util/ArrayWrapperList.java,144
./java/org/assertj/core/util/BigDecimalComparator.java,99
./java/org/assertj/core/util/BigIntegerComparator.java,97
./java/org/assertj/core/util/CheckReturnValue.java,106
./java/org/assertj/core/util/Closeables.java,116
./java/org/assertj/core/util/Compatibility.java,92
./java/org/assertj/core/util/DateUtil.java,304
./java/org/assertj/core/util/diff/ChangeDelta.java,138
./java/org/assertj/core/util/diff/Chunk.java,179
./java/org/assertj/core/util/diff/DeleteDelta.java,130
./java/org/assertj/core/util/diff/Delta.java,172
./java/org/assertj/core/util/diff/DeltaComparator.java,107
./java/org/assertj/core/util/diff/DiffAlgorithm.java,117
./java/org/assertj/core/util/diff/DiffUtils.java,286
./java/org/assertj/core/util/diff/InsertDelta.java,137
./java/org/assertj/core/util/diff/myers/DiffNode.java,152
./java/org/assertj/core/util/diff/myers/Equalizer.java,108
./java/org/assertj/core/util/diff/myers/MyersDiff.java,235
./java/org/assertj/core/util/diff/myers/PathNode.java,142
./java/org/assertj/core/util/diff/myers/Snake.java,125
./java/org/assertj/core/util/diff/Patch.java,133
./java/org/assertj/core/util/DoubleComparator.java,140
./java/org/assertj/core/util/FailureMessages.java,87
./java/org/assertj/core/util/Files.java,252
./java/org/assertj/core/util/FloatComparator.java,134
./java/org/assertj/core/util/Hexadecimals.java,93
./java/org/assertj/core/util/introspection/ClassUtils.java,138
./java/org/assertj/core/util/introspection/FieldSupport.java,224
./java/org/assertj/core/util/introspection/FieldUtils.java,249
./java/org/assertj/core/util/introspection/Introspection.java,172
./java/org/assertj/core/util/introspection/IntrospectionError.java,109
./java/org/assertj/core/util/introspection/MemberUtils.java,183
./java/org/assertj/core/util/introspection/MethodSupport.java,165
./java/org/assertj/core/util/introspection/PropertyOrFieldSupport.java,168
./java/org/assertj/core/util/introspection/PropertySupport.java,220
./java/org/assertj/core/util/IterableUtil.java,167
./java/org/assertj/core/util/Lists.java,124
./java/org/assertj/core/util/Maps.java,114
./java/org/assertj/core/util/NullSafeComparator.java,89
./java/org/assertj/core/util/Objects.java,154
./java/org/assertj/core/util/Preconditions.java,178
./java/org/assertj/core/util/Sets.java,116
./java/org/assertj/core/util/Strings.java,231
./java/org/assertj/core/util/TextFileWriter.java,101
./java/org/assertj/core/util/Throwables.java,250
./java/org/assertj/core/util/URLs.java,162
./java/org/assertj/core/util/VisibleForTesting.java,90
./java/org/assertj/core/util/xml/XmlStringPrettyFormatter.java,168
